{"cameraMode":{"drawMode":0,"name":"Shaded","section":"Shading Mode"},"sceneLighting":true,"audioPlay":false,"sceneViewState":{"m_AlwaysRefresh":false,"showFog":true,"showSkybox":true,"showFlares":true,"showImageEffects":true,"showParticleSystems":true,"showVisualEffectGraphs":true,"m_FxEnabled":true},"in2DMode":false,"pivot":{"x":0.0519251823425293,"y":0.7189990282058716,"z":0.06649282574653626},"rotation":{"x":-0.10107696801424027,"y":0.2730073034763336,"z":-0.028856409713625909,"w":-0.9562559127807617},"size":1.003931999206543,"orthographic":false}