{"cameraMode":{"drawMode":0,"name":"Shaded","section":"Shading Mode"},"sceneLighting":true,"audioPlay":false,"sceneViewState":{"m_AlwaysRefresh":false,"showFog":true,"showSkybox":true,"showFlares":true,"showImageEffects":true,"showParticleSystems":true,"showVisualEffectGraphs":true,"m_FxEnabled":true},"in2DMode":false,"pivot":{"x":12.15828800201416,"y":2.7091012001037599,"z":4.6179656982421879},"rotation":{"x":-0.11077044159173966,"y":0.17701049149036408,"z":-0.02005300112068653,"w":-0.9777541756629944},"size":9.459074974060059,"orthographic":false}